{
  "model_dir": "/home/harve/models/moss-onnx-bundle/MOSS-TTS-Nano-100M-ONNX",
  "original_scaffold_dir": "/home/harve/models/moss-rkllm-custom-scaffold",
  "target_scaffold_dir": "/home/harve/models/moss-rkllm-embed-only-folded-scaffold",
  "external_final_norm_bias": "/home/harve/models/moss-rkllm-embed-only-folded-scaffold/moss_final_norm_bias.npy",
  "seq_len": 8,
  "thresholds": {
    "max_prefill_rel_l2": 0.01,
    "max_decode_rel_l2": 0.01,
    "min_cosine": 0.999
  },
  "prefill_metrics_all": {
    "shape": [
      1,
      8,
      768
    ],
    "max_abs": 2.7418136596679688e-06,
    "mean_abs": 4.5382293478724023e-07,
    "rel_l2": 5.923594130763377e-07,
    "cosine": 1.0000001192092896,
    "finite": true
  },
  "prefill_metrics_valid_tokens": {
    "shape": [
      1,
      8,
      768
    ],
    "max_abs": 2.7418136596679688e-06,
    "mean_abs": 4.5382293478724023e-07,
    "rel_l2": 5.923594130763377e-07,
    "cosine": 1.0000001192092896,
    "finite": true
  },
  "prefill_cache_metrics": [
    {
      "layer": 0,
      "key": {
        "shape": [
          1,
          8,
          12,
          64
        ],
        "max_abs": 7.152557373046875e-06,
        "mean_abs": 5.717362796531233e-07,
        "rel_l2": 8.325243925355608e-07,
        "cosine": 1.0000001192092896,
        "finite": true
      },
      "value": {
        "shape": [
          1,
          8,
          12,
          64
        ],
        "max_abs": 3.814697265625e-06,
        "mean_abs": 4.6682089305249974e-07,
        "rel_l2": 9.95107484413893e-07,
        "cosine": 1.0,
        "finite": true
      }
    },
    {
      "layer": 1,
      "key": {
        "shape": [
          1,
          8,
          12,
          64
        ],
        "max_abs": 4.410743713378906e-06,
        "mean_abs": 4.347780304669868e-07,
        "rel_l2": 1.1376058637324604e-06,
        "cosine": 1.0000001192092896,
        "finite": true
      },
      "value": {
        "shape": [
          1,
          8,
          12,
          64
        ],
        "max_abs": 3.129243850708008e-06,
        "mean_abs": 3.2821256468196225e-07,
        "rel_l2": 1.2909465567645384e-06,
        "cosine": 1.0,
        "finite": true
      }
    },
    {
      "layer": 2,
      "key": {
        "shape": [
          1,
          8,
          12,
          64
        ],
        "max_abs": 3.337860107421875e-06,
        "mean_abs": 3.8267765489763406e-07,
        "rel_l2": 5.3755530871058e-07,
        "cosine": 1.0000001192092896,
        "finite": true
      },
      "value": {
        "shape": [
          1,
          8,
          12,
          64
        ],
        "max_abs": 2.205371856689453e-06,
        "mean_abs": 2.8982626076867746e-07,
        "rel_l2": 8.417390517934109e-07,
        "cosine": 1.0,
        "finite": true
      }
    },
    {
      "layer": 3,
      "key": {
        "shape": [
          1,
          8,
          12,
          64
        ],
        "max_abs": 3.337860107421875e-06,
        "mean_abs": 3.602563936055958e-07,
        "rel_l2": 5.100444013805827e-07,
        "cosine": 0.9999999403953552,
        "finite": true
      },
      "value": {
        "shape": [
          1,
          8,
          12,
          64
        ],
        "max_abs": 2.1457672119140625e-06,
        "mean_abs": 2.8677095542661846e-07,
        "rel_l2": 7.695250019423838e-07,
        "cosine": 1.0000001192092896,
        "finite": true
      }
    },
    {
      "layer": 4,
      "key": {
        "shape": [
          1,
          8,
          12,
          64
        ],
        "max_abs": 3.2186508178710938e-06,
        "mean_abs": 3.7928066376480274e-07,
        "rel_l2": 5.652532877320482e-07,
        "cosine": 1.0,
        "finite": true
      },
      "value": {
        "shape": [
          1,
          8,
          12,
          64
        ],
        "max_abs": 3.814697265625e-06,
        "mean_abs": 3.176790812631225e-07,
        "rel_l2": 5.632708734992775e-07,
        "cosine": 1.0,
        "finite": true
      }
    },
    {
      "layer": 5,
      "key": {
        "shape": [
          1,
          8,
          12,
          64
        ],
        "max_abs": 3.337860107421875e-06,
        "mean_abs": 3.7780492334604787e-07,
        "rel_l2": 4.864356810685422e-07,
        "cosine": 1.0,
        "finite": true
      },
      "value": {
        "shape": [
          1,
          8,
          12,
          64
        ],
        "max_abs": 2.86102294921875e-06,
        "mean_abs": 3.2671232474967837e-07,
        "rel_l2": 5.746053375332849e-07,
        "cosine": 1.0,
        "finite": true
      }
    },
    {
      "layer": 6,
      "key": {
        "shape": [
          1,
          8,
          12,
          64
        ],
        "max_abs": 3.814697265625e-06,
        "mean_abs": 3.754573754122248e-07,
        "rel_l2": 4.952709673489153e-07,
        "cosine": 0.9999999403953552,
        "finite": true
      },
      "value": {
        "shape": [
          1,
          8,
          12,
          64
        ],
        "max_abs": 2.6226043701171875e-06,
        "mean_abs": 3.1437789971278107e-07,
        "rel_l2": 6.426665777325979e-07,
        "cosine": 1.0000001192092896,
        "finite": true
      }
    },
    {
      "layer": 7,
      "key": {
        "shape": [
          1,
          8,
          12,
          64
        ],
        "max_abs": 4.291534423828125e-06,
        "mean_abs": 3.7615347991959425e-07,
        "rel_l2": 4.992130016034935e-07,
        "cosine": 1.0000001192092896,
        "finite": true
      },
      "value": {
        "shape": [
          1,
          8,
          12,
          64
        ],
        "max_abs": 2.384185791015625e-06,
        "mean_abs": 3.2887729162212054e-07,
        "rel_l2": 6.907221177243628e-07,
        "cosine": 1.0000001192092896,
        "finite": true
      }
    },
    {
      "layer": 8,
      "key": {
        "shape": [
          1,
          8,
          12,
          64
        ],
        "max_abs": 3.337860107421875e-06,
        "mean_abs": 3.7951289755255857e-07,
        "rel_l2": 5.364102548810479e-07,
        "cosine": 1.0,
        "finite": true
      },
      "value": {
        "shape": [
          1,
          8,
          12,
          64
        ],
        "max_abs": 2.384185791015625e-06,
        "mean_abs": 3.9091364101295767e-07,
        "rel_l2": 5.748836997554463e-07,
        "cosine": 1.0,
        "finite": true
      }
    },
    {
      "layer": 9,
      "key": {
        "shape": [
          1,
          8,
          12,
          64
        ],
        "max_abs": 3.0994415283203125e-06,
        "mean_abs": 3.9984107047530415e-07,
        "rel_l2": 6.320048555608082e-07,
        "cosine": 1.0000001192092896,
        "finite": true
      },
      "value": {
        "shape": [
          1,
          8,
          12,
          64
        ],
        "max_abs": 2.816319465637207e-06,
        "mean_abs": 4.197401324290695e-07,
        "rel_l2": 7.128294328140328e-07,
        "cosine": 1.0,
        "finite": true
      }
    },
    {
      "layer": 10,
      "key": {
        "shape": [
          1,
          8,
          12,
          64
        ],
        "max_abs": 4.291534423828125e-06,
        "mean_abs": 4.0138630197361636e-07,
        "rel_l2": 5.923508865635085e-07,
        "cosine": 0.9999998807907104,
        "finite": true
      },
      "value": {
        "shape": [
          1,
          8,
          12,
          64
        ],
        "max_abs": 3.129243850708008e-06,
        "mean_abs": 4.351049938122742e-07,
        "rel_l2": 6.91647016992647e-07,
        "cosine": 1.0,
        "finite": true
      }
    },
    {
      "layer": 11,
      "key": {
        "shape": [
          1,
          8,
          12,
          64
        ],
        "max_abs": 4.291534423828125e-06,
        "mean_abs": 4.6882016135896265e-07,
        "rel_l2": 5.544194436879479e-07,
        "cosine": 1.0,
        "finite": true
      },