{
  "model_dir": "/home/harve/models/moss-onnx-bundle/MOSS-TTS-Nano-100M-ONNX",
  "scaffold_dir": "/home/harve/models/moss-rkllm-custom-scaffold",
  "seq_len": 8,
  "passed": true,
  "thresholds": {
    "max_rel_l2": 0.001,
    "min_cosine": 0.999
  },
  "metrics_all": {
    "shape": [
      1,
      8,
      768
    ],
    "max_abs": 3.0994415283203125e-06,
    "mean_abs": 4.6370746531465556e-07,
    "rel_l2": 6.164642627481953e-07,
    "cosine": 1.0000001192092896,
    "finite": true
  },
  "metrics_valid_tokens": {
    "shape": [
      1,
      8,
      768
    ],
    "max_abs": 3.0994415283203125e-06,
    "mean_abs": 4.6370746531465556e-07,
    "rel_l2": 6.164642627481953e-07,
    "cosine": 1.0000001192092896,
    "finite": true
  },
  "decode_metrics": {
    "shape": [
      1,
      1,
      768
    ],
    "max_abs": 3.814697265625e-06,
    "mean_abs": 6.364698492689058e-07,
    "rel_l2": 7.99977101451077e-07,
    "cosine": 1.0,
    "finite": true
  },
  "decode_cache_metrics": [
    {
      "layer": 0,
      "key": {
        "shape": [
          1,
          9,
          12,
          64
        ],
        "max_abs": 1.430511474609375e-06,
        "mean_abs": 2.537732690655048e-08,
        "rel_l2": 1.0198684208262421e-07,
        "cosine": 1.0,
        "finite": true
      },
      "value": {
        "shape": [
          1,
          9,
          12,
          64
        ],
        "max_abs": 1.0728836059570312e-06,
        "mean_abs": 1.934973603567869e-08,
        "rel_l2": 1.1730135440757294e-07,
        "cosine": 0.9999999403953552,
        "finite": true
      }
    },
    {
      "layer": 1,
      "key": {
        "shape": [
          1,
          9,
          12,
          64
        ],
        "max_abs": 2.0265579223632812e-06,
        "mean_abs": 3.8765527676787315e-08,
        "rel_l2": 2.451726857088943e-07,
        "cosine": 1.0,
        "finite": true
      },
      "value": {
        "shape": [
          1,
          9,
          12,
          64
        ],
        "max_abs": 1.430511474609375e-06,
        "mean_abs": 3.471844323144069e-08,
        "rel_l2": 3.5419753885435057e-07,
        "cosine": 0.9999999403953552,
        "finite": true
      }
    },
    {
      "layer": 2,
      "key": {
        "shape": [
          1,
          9,
          12,
          64
        ],
        "max_abs": 1.911073923110962e-06,
        "mean_abs": 4.4664812293149225e-08,
        "rel_l2": 1.797571798078934e-07,
        "cosine": 1.0,
        "finite": true
      },
      "value": {
        "shape": [
          1,
          9,
          12,
          64
        ],
        "max_abs": 1.4156103134155273e-06,
        "mean_abs": 3.434939088720057e-08,
        "rel_l2": 2.8995722800573276e-07,
        "cosine": 1.0000001192092896,
        "finite": true
      }
    },
    {
      "layer": 3,
      "key": {
        "shape": [
          1,
          9,
          12,
          64
        ],
        "max_abs": 2.1457672119140625e-06,
        "mean_abs": 4.8871797275751305e-08,
        "rel_l2": 1.9219569935557956e-07,
        "cosine": 1.0,
        "finite": true
      },
      "value": {
        "shape": [
          1,
          9,
          12,
          64
        ],
        "max_abs": 1.5497207641601562e-06,
        "mean_abs": 4.1221802860036405e-08,
        "rel_l2": 3.1304193726100493e-07,
        "cosine": 1.0,
        "finite": true
      }
    },
    {
      "layer": 4,
      "key": {
        "shape": [
          1,
          9,
          12,
          64
        ],
        "max_abs": 2.3096799850463867e-06,
        "mean_abs": 4.983478518738593e-08,
        "rel_l2": 2.064821131853023e-07,
        "cosine": 1.0,
        "finite": true
      },
      "value": {
        "shape": [
          1,
          9,
          12,
          64
        ],
        "max_abs": 1.5944242477416992e-06,
        "mean_abs": 4.5569592543870385e-08,
        "rel_l2": 2.2689336276471295e-07,
        "cosine": 0.9999999403953552,
        "finite": true
      }
    },
    {
      "layer": 5,
      "key": {
        "shape": [
          1,
          9,
          12,
          64
        ],
        "max_abs": 1.9073486328125e-06,
        "mean_abs": 5.126835134205976e-08,
        "rel_l2": 1.845392318955419e-07,
        "cosine": 0.9999999403953552,
        "finite": true
      },
      "value": {
        "shape": [
          1,
          9,
          12,
          64
        ],
        "max_abs": 1.6689300537109375e-06,
        "mean_abs": 4.559330690767638e-08,
        "rel_l2": 2.334489010991092e-07,
        "cosine": 1.0,
        "finite": true
      }
    },
    {
      "layer": 6,
      "key": {
        "shape": [
          1,
          9,
          12,
          64
        ],
        "max_abs": 2.384185791015625e-06,
        "mean_abs": 4.683914411884871e-08,
        "rel_l2": 1.7720601874771091e-07,
        "cosine": 0.9999999403953552,
        "finite": true
      },
      "value": {
        "shape": [
          1,
          9,
          12,
          64
        ],
        "max_abs": 1.7285346984863281e-06,
        "mean_abs": 4.34897451384586e-08,
        "rel_l2": 2.5506452061563323e-07,
        "cosine": 1.0,
        "finite": true
      }
    },
    {
      "layer": 7,
      "key": {
        "shape": [
          1,
          9,
          12,
          64
        ],
        "max_abs": 2.0265579223632812e-06,
        "mean_abs": 4.782951634751953e-08,
        "rel_l2": 1.8070535645620112e-07,
        "cosine": 1.0,
        "finite": true
      },
      "value": {
        "shape": [
          1,
          9,
          12,
          64
        ],
        "max_abs": 1.9073486328125e-06,
        "mean_abs": 4.783537832508955e-08,
        "rel_l2": 2.898052571254084e-07,
        "cosine": 0.9999998807907104,
        "finite": true
      }
    },
    {
      "layer": 8,
      "key": {
        "shape": [
          1,
          9,
          12,
          64
        ],
        "max_abs": 1.9073486328125e-06,
        "mean_abs": 4.899360206422898e-08,
        "rel_l2": 1.951769093011535e-07,
        "cosine": 1.0000001192092896,
        "finite": true
      },
      "value": {
        "shape": [
          1,
          9,
          12,
          64
        ],
        "max_abs": 2.16066837310791e-06,
        "mean_abs": 5.011181158920408e-08,
        "rel_l2": 2.2052913095649274e-07,
        "cosine": 1.0,
        "finite": true
      }
    },
    {
      "layer": 9,
      "key": {
        "shape": [
          1,
          9,
          12,
          64
        ],
        "max_abs": 2.0265579223632812e-06,
        "mean_abs": 4.682092225039014e-08,
        "rel_l2": 2.0849367388109386e-07,
        "cosine": 1.0,
        "finite": true
      },
      "value": {
        "shape": [
          1,
          9,
          12,
          64
        ],
        "max_abs": 1.996755599975586e-06,
        "mean_abs": 5.354188559181239e-08,
        "rel_l2": 2.678244186427037e-07,
        "cosine": 1.0,
        "finite": true
      }
    },
    {
      "layer": 10,
      "key": {
        "shape": [
          1,
          9,
          12,
          64
        ],
        "max_abs": 3.0994415283203125e-06,
        "mean_abs": 5.997757313025431e-08,
        "rel_l2": 2.475245537425508e-07,
        "cosine": 1.0,
        "finite": true
      },
      "value": {
        "shape": [
          1,
          9,
          12,
          64
        ],
        "max_abs": 2.2649765014648438e-06,
        "mean_abs": 6.358674653483831e-08,
        "rel_l2": 2.943421293366555e-07,
        "cosine": 0.9999998807907104,
        "finite": true
      }
    },
    {
      "layer": 11,
      "key": {
        "shape": [
          1,
          9,
          12,
          64
        ],
        "max_abs": 2.384185791015625e-06,
        "mean_abs": 5.660156077169631e-08,
        "rel_l2": 1.8784994892939721e-07,
        "cosine": 1.0,
        "finite": true
      },